ID,Target Pressure (bar)
0,0.22438980151193522
1,0.24800105847978157
2,0.29680860574928397
3,0.2404258565930932
4,0.22349146943747195
5,0.24140885743425355
6,0.1666641529378887
7,0.1759966425868971
8,0.20516595289080503
9,1.0965223450652715
10,1.0470860841121865
11,1.0476353274001062
12,1.3591813838891653
13,1.268648927713219
14,1.2284439098842896
15,0.8987859249611369
16,0.8648796744431161
17,0.8618802279979075
18,0.6081669717320637
19,0.6113201967585495
20,0.6131076125429564
21,0.5609173939213249
22,0.5772043040348342
23,0.3671016771600282
24,0.34655394708633463
25,0.35548462492683847
26,0.3657542949664099
27,0.08931728138289441
28,0.07208604188884227
29,0.06486611213037646
30,0.03051720885532863
31,0.00982643393832261
32,0.002430289938539054
33,0.03958548380842489
34,0.029195985363340615
35,0.036067236693401006
36,0.3240719414350816
37,0.16548238967801254
38,0.11490240164714224
39,0.44315683823933516
40,0.2408386170508766
41,0.1441409843683823
42,0.3043876703560524
43,0.17087670223753912
44,0.12059683858841061
45,0.21247318246667943
46,0.11610695803155141
47,0.06464030107491273
48,0.052861939056927404
49,0.018914305904242118
50,0.04709737519086207
51,0.09037742450559622
52,0.057474793053479106
53,0.043924867438756704
54,0.11187585702467004
55,0.13397793153391807
56,0.12437891848027963
57,0.09608123484438377
58,0.09970417047885091
59,0.09690078426544352
60,0.06686780082446364
61,0.08179041846696325
62,0.09376231241430341
63,0.7558046904337301
64,0.6238298081692089
65,0.47593892342187244
66,0.7008848701238883
67,0.5691496383982209
68,0.43159649762049535
69,0.5322071483227961
70,0.4687964378961025
71,0.3552886506682138
72,0.40779005072029206
73,0.3139118706082999
74,0.22413554017524348
75,0.2214374260820333
76,0.16182219376760082
77,0.13944068724526304
78,0.2284541124442747
79,0.18882652087546234
80,0.14347419575112746
81,0.09218591937057918
82,0.09594197562725762
83,0.09341757152391553
84,0.054648548359615134
85,0.03852308891999556
86,0.03457006980878169
87,0.04085665126196017
88,0.04147815110592756
89,0.04063474968378347
90,0.39608208833279346
91,0.3649629101211349
92,0.33274195191126177
93,0.3078681564750002
94,0.28306397039390147
95,0.24860854385100395
96,0.20119822371772267
97,0.17436075172941332
98,0.15403163561490116
99,0.24863633662364784
100,0.21682710228497054
101,0.17688772964283211
102,0.18199799318418997
103,0.0998838008161585
104,0.0759936869747655
105,0.0740312698905265
106,0.07716673291875023
107,0.07205236482999855
108,0.158531804857435
109,0.16329542503693129
110,0.15785888291540953
111,0.09411261865474507
112,0.0934560065365726
113,0.09091674755491067
114,0.042926173291422454
115,0.07450786683988597
116,0.07400033617252164
117,0.8286890121892644
118,0.6422371168485874
119,0.561365831950879
120,0.7211022382075039
121,0.5431958374064145
122,0.4842700413809329
123,0.49138653332023885
124,0.4099607714510026
125,0.3683903818887523
126,0.4657421786883402
127,0.3816464853749564
128,0.3289583372832747
129,0.3253538257914751
130,0.21093960164514536
131,0.1495732764015214
132,0.1459036204667703
133,0.15733512675534497
134,0.14693802981266146
135,0.08293328178968712
136,0.1081960996189551
137,0.10582555139611144
138,0.04890836028975501
139,0.04854217582079323
140,0.03264818837107181
141,0.04394293567568569
142,0.04786388689290341
143,0.046534862006953004
144,0.5012017069063227
145,0.43535453092688414
146,0.3356992367916143
147,0.48930370027563186
148,0.3794740053744785
149,0.2625812180877322
150,0.3326782763244228
151,0.27671075407363316
152,0.20809620080292612
153,0.2915958156734509
154,0.24448483304095153
155,0.19125581042405765
156,0.18577640121805944
157,0.08203343546956876
158,0.08495520337944254
159,0.11613195061935533
160,0.11224884067082688
161,0.08538418999318478
162,0.10293282613356824
163,0.09963786836245919
164,0.1077637097009369
165,0.09087082872029642
166,0.06962314555941829
167,0.05839922988868371
168,0.053128024731116386
169,0.06151364523786157
170,0.06935557423876088
171,0.6082281834591822
172,0.3930082937462094
173,0.27400212866788193
174,0.9174852976578136
175,0.592379841805481
176,0.41411250853197634
177,0.5697601130558314
178,0.4034624153914142
179,0.2903917299908587
180,0.31793470501217613
181,0.25169469167029584
182,0.19310984229679132
183,0.18731171071889374
184,0.1441319606901305
185,0.12828637503952933
186,0.19443101479397037
187,0.15874672962262557
188,0.13127877186924666
189,0.07697241890556697
190,0.07601121532824151
191,0.06732997283943792
192,0.044811863670956076
193,0.045250677426638714
194,0.04397827706649038
195,0.046942854386356175
196,0.05132519613152353
197,0.05328242522123289
198,0.3120898021450087
199,0.2523563850039788
200,0.17151960356419332
201,0.2760660956948678
202,0.23048197990921737
203,0.15812179026995224
204,0.2860697113683389
205,0.2422425628957073
206,0.17885933577025354
207,0.22895964411657552
208,0.17518339898429225
209,0.128586969909573
210,0.10441569415531907
211,0.07935538395230068
212,0.08899345873484671
213,0.1121840273678694
214,0.1026400308572355
215,0.08172942278318393
216,0.08618826075237201
217,0.08314977135039883
218,0.08349353517141123
219,0.06052403571361453
220,0.06634788504154807
221,0.07472357609840011
222,0.05163829079462523
223,0.05613884171786268
224,0.06402283779762849
225,0.30649505021811385
226,0.3146753338644537
227,0.29521523289324036
228,0.24674837733960303
229,0.251472376399377
230,0.24462104156475684
231,0.229083138337747
232,0.23031781200170637
233,0.22081924708142991
234,0.2040569549773064
235,0.20903857338981147
236,0.1931374294822094
237,0.19506895723700912
238,0.14199260213034343
239,0.1268613028866752
240,0.11166437068599688
241,0.12056938660624966
242,0.12302408600776527
243,0.2554473771059732
244,0.20514710804773106
245,0.1751220066735102
246,0.2664252050694559
247,0.1915996892610739
248,0.1612597633903044
249,0.2210981734718268
250,0.15813295053466347
251,0.14269525838412836
252,1.7607899767844255
253,1.0017536312389008
254,0.6947526353472999
255,1.81523165929999
256,1.0235375742729074
257,0.7131999569197001
258,1.7532100059623983
259,0.9794026106774216
260,0.7099131870697999
261,0.7735252652260075
262,0.4564713588015481
263,0.2736745746635905
264,0.27779093962400403
265,0.2422396247801048
266,0.21577184596221238
267,0.6854555419698596
268,0.3780065127975739
269,0.2313159008153497
270,0.08986340928840769
271,0.08915203687147663
272,0.08552439660265948
273,0.046455860832415596
274,0.0475027741538295
275,0.048625079892780004
276,0.036825218348176064
277,0.041908292592079815
278,0.0461815315635902
279,0.32337921979113526
280,0.311676635326689
281,0.23747238021827657
282,0.30062307968212376
283,0.29314618333355424
284,0.24227277505685602
285,0.247143998199109
286,0.24128246730093206
287,0.19687190718808317
288,0.22109885735264795
289,0.20870676382627912
290,0.15242183506610446
291,0.1461174649222785
292,0.09929808255536823
293,0.07846273612199753
294,0.08354570026749422
295,0.0939688754321805
296,0.08104628888599674
297,0.1268391271041667
298,0.13137104735633284
299,0.14924526760088538
300,0.10011484340691892
301,0.08335963230859478
302,0.10151626873796635
303,0.07743582583244557
304,0.0701376383727639
305,0.08715566620960166
306,0.5754394847740484
307,0.5183806610572348
308,0.5133421102833868
309,0.5479188301662032
310,0.47284236048513206
311,0.4707169922453917
312,0.5105629740431163
313,0.44388737939031264
314,0.4395733925728017
315,0.3472077478933732
316,0.31887450283254626
317,0.32957061702861723
318,0.3024812560874463
319,0.24919207601326893
320,0.2062933237426995
321,0.22780738968960096
322,0.19466114008923974
323,0.2078371642173027
324,0.13385119850627594
325,0.12868495422973122
326,0.12481466628113574
327,0.11866532466837293
328,0.1124803263647503
329,0.11318755391787919
330,0.10138629170077898
331,0.10263024230962459
332,0.10822976535701151
333,0.6098146064682239
334,0.5592862169832047
335,0.4403773535220149
336,0.56586413686955
337,0.5181095565667049
338,0.4107242435687202
339,0.5304993925955381
340,0.4899887502156107
341,0.4051794219550564
342,0.38506966131262316
343,0.33941858762937693
344,0.24892464937785172
345,0.22124571792912398
346,0.18974785892939555
347,0.18286349004424185
348,0.25834101390059333
349,0.23498634218976483
350,0.1815356500742946
351,0.1891228549190584
352,0.18973683578251604
353,0.18891135612060686
354,0.16693062002797526
355,0.11608283451863285
356,0.08504454447917364
357,0.10656041275810019
358,0.10713733650773835
359,0.11053541886427656
360,0.7513073364064883
361,0.5031358500780997
362,0.39963904438531433
363,1.079605943271274
364,0.7092020807679384
365,0.5003194294347014
366,0.7003319780490727
367,0.4844382053998043
368,0.3700287091802063
369,0.4514771914024561
370,0.3724442201847933
371,0.29319177370376187
372,0.2928737953938895
373,0.18914729293471855
374,0.17604195663122685
375,0.22857805243580645
376,0.2070446261216504
377,0.17346663373892476
378,0.17600032850042374
379,0.1537412405337626
380,0.12180760328816967
381,0.1364268755382252
382,0.1175544974113974
383,0.10293026204245487
384,0.09785830146981084
385,0.09120845704068148
386,0.0870870000658728
387,1.0166335174263936
388,0.5853917002907607
389,0.32910143642997614
390,0.8584511526715284
391,0.492236953298728
392,0.3314796805151425
393,0.6979424386921051
394,0.4120016772668694
395,0.29110937130701
396,0.5002697957577248
397,0.31636220551489114
398,0.19109188853104436
399,0.1765743335261343
400,0.1525124220338452
401,0.12775903818363987
402,0.2589146187424642
403,0.17830347615803738
404,0.1257304908822089
405,0.11110831034261942
406,0.12429143044616295
407,0.11091655948054047
408,0.06198733046966101
409,0.06695659162734388
410,0.06797396642886594
411,0.05054663706458254
412,0.0585638957196255
413,0.06612500908133331
414,0.4661392717170596
415,0.41277955578860925
416,0.2887510826188765
417,0.40294628970869006
418,0.35258613380693443
419,0.25992797552996094
420,0.3368046592279401
421,0.30528472665214657
422,0.2456897440654153
423,0.29732684422459593
424,0.2568403463390161
425,0.16818667298973722
426,0.16356278099818167
427,0.10794896239042312
428,0.1070228366280363
429,0.125451185796161
430,0.1285324339887539
431,0.10657371061815882
432,0.10069143383373691
433,0.11163213985782527
434,0.12139508047960595
435,0.05884884837430468
436,0.057920720629576566
437,0.060777323119666216
438,0.05829601406898041
439,0.06318241736682553
440,0.068924909318163
441,0.37986544374729353
442,0.3890162527313291
443,0.3757274053177264
444,0.28378848381357835
445,0.2837316283851978
446,0.26920430560747083
447,0.27677171120513533
448,0.27294877994781863
449,0.2670065181661087
450,0.2616909905737458
451,0.2686340533627005
452,0.2523378073006484
453,0.25178204407684973
454,0.16206538271246107
455,0.14264215400960076
456,0.1306872118685978
457,0.13964174938960777
458,0.134848873524276
459,0.06005490331735813
460,0.05856311950898757
461,0.05719375581228256
462,0.04641644235942141
463,0.04744108523262444
464,0.049650495896966074
465,0.04338797986735246
466,0.04544142375824331
467,0.047379515170705155
468,0.2055371931169229
469,0.19382373974493491
470,0.1622772562686966
471,0.2038657511649299
472,0.19285111367327634
473,0.16549567395710635
474,0.18603678922880437
475,0.17691142661936748
476,0.14830504386983823
477,0.11886658558272734
478,0.11551175566798491
479,0.09696936654398966
480,0.09487443237358839
481,0.07935728810838927
482,0.06782290313281794
483,0.07085678178284552
484,0.0725150065030779
485,0.06786416566087505
486,0.1288132310261044
487,0.13697800913829009
488,0.12954483953664883
489,0.08834564728155422
490,0.07710435996755313
491,0.07211164906787013
492,0.061445128538127086
493,0.06086856664276488
494,0.06564371887779882
495,0.5532876141880456
496,0.47910386800409704
497,0.41597982679160983
498,0.5079666471892157
499,0.4287833194089101
500,0.37020071123069137
501,0.4353948087637386
502,0.3642368194813392
503,0.32240907988176754
504,0.3525133016955067
505,0.3286948084542991
506,0.2767208880082364
507,0.26803299488060317
508,0.18589074608521838
509,0.13635162063392609
510,0.17466869829502774
511,0.16334902775553412
512,0.1409798959717035
513,0.09476823544568874
514,0.09209329081914189
515,0.10046790185633844
516,0.060438425189082545
517,0.045733551496644986
518,0.04610834396505292
519,0.04566442620684141
520,0.038173403106584486
521,0.039021300868515935
522,0.4005035081814346
523,0.34604101765426787
524,0.30890947292173193
525,0.4036813881633011
526,0.347165481811613
527,0.28881403893135915
528,0.2980778832705018
529,0.24625185632782334
530,0.21457547988162975
531,0.28163410229055447
532,0.24535431421160547
533,0.2244897495623235
534,0.2030496307805175
535,0.12612587937744563
536,0.09498659073580484
537,0.1169945105777225
538,0.09943462404643269
539,0.09926970360601106
540,0.04805069459322739
541,0.047436285871194445
542,0.04931383723241306
543,0.04864334540317228
544,0.04684883506957077
545,0.04919194202684932
546,0.04309307622885991
547,0.041257783686393185
548,0.04334087730871622
549,0.197936935650166
550,0.17923876728252425
551,0.16513347257143274
552,0.1879263231354787
553,0.16806496802827353
554,0.1581580695980171
555,0.19431110561095183
556,0.173702590721348
557,0.16390421819894324
558,0.11009670049519388
559,0.10715377717280145
560,0.09771939639612914
561,0.10213511029537525
562,0.09599491785433123
563,0.08949593151297436
564,0.1016182983260624
565,0.09613049102545729
566,0.0909003208910163
567,0.09002022027269793
568,0.07967709420402935
569,0.07714469490985751
570,0.07875055300537162
571,0.06737672560248117
572,0.07073559456546899
573,0.06272022278378134
574,0.05715245174082173
575,0.06175188283905722
576,0.2888024236556368
577,0.23985340908314096
578,0.20121958836634868
579,0.27428137526139446
580,0.2201986034872529
581,0.1936244296480676
582,0.23431598075692614
583,0.18952517195978547
584,0.16945339581076413
585,0.21791961122422782
586,0.16609458194235485
587,0.12711176756795603
588,0.11951382995547269
589,0.11231433823457196
590,0.09353973852132741
591,0.13666512359216212
592,0.11326367431498413
593,0.09462423665508604
594,0.1238423154294232
595,0.1408367337475595
596,0.14776730876452282
597,0.0835035189473893
598,0.08917805827161882
599,0.08698777825323223
600,0.05489609769816564
601,0.06365644662805073
602,0.06921095365987281
603,0.6717977469137753
604,0.5888525508371897
605,0.5132417562071083
606,0.653704425990614
607,0.5682012061563099
608,0.48104982096088567
609,0.4012908974167494
610,0.3519412854970859
611,0.32090177819922316
612,0.3845751447777376
613,0.37397696016558235
614,0.3195265955250228
615,0.3276917569140534
616,0.2241288267682668
617,0.14481301735598062
618,0.14707775647700833
619,0.15108901806699038
620,0.14441648987137987
621,0.2012446831854046
622,0.23292849608000524
623,0.2217238945951521
624,0.16860542850465737
625,0.15931122905621153
626,0.13632426336832712
627,0.09187238631335398
628,0.10749622177429438
629,0.11209397187252332
630,1.069956334053835
631,0.8357134303721663
632,0.6784572504474562
633,1.2765830574115349
634,0.9393020300323057
635,0.7312001835033018
636,0.736425946819038
637,0.5652421441366985
638,0.47393799688589094
639,0.553263473008756
640,0.4652662466477278
641,0.3566244550980935
642,0.3648296756670171
643,0.288119322438392
644,0.20927299205716918
645,0.29291885621750585
646,0.2484772119219865
647,0.21614616584414048
648,0.0958401115064243
649,0.12161456129046933
650,0.11131559459814452
651,0.07965336368967149
652,0.08341571206562973
653,0.07148163761080342
654,0.050547979193222514
655,0.06165042517771796
656,0.058069097251122914
657,0.4946268286285254
658,0.40307556298173375
659,0.27095004722212485
660,0.5522401777715653
661,0.4221285635902051
662,0.27526233482706997
663,0.4406619902389366
664,0.342069876192353
665,0.22159757118767995
666,0.3103003196722691
667,0.24966750147969555
668,0.1702845205238528
669,0.1645092313439196
670,0.12169992460277448
671,0.09304826899607987
672,0.20984683636636767
673,0.15301453181703878
674,0.10198082127742752
675,0.18427076420323962
676,0.21041493961599633
677,0.23668939324613275
678,0.19905286287208973
679,0.19310821053999283
680,0.19473157673573965
681,0.1489966334952526
682,0.16211567399718757
683,0.18020965756421692
684,1.046835523924532
685,0.8809309805090005
686,0.8300851829360563
687,1.2555134246061346
688,1.0732587936912577
689,0.9728341770765394
690,0.9634197348959459
691,0.826011072266814
692,0.7505316032839617
693,0.593956989231756
694,0.5084862125522575
695,0.47033435061641843
696,0.43282807074403684
697,0.45416865566470793
698,0.35541747804010376
699,0.4235902364758897
700,0.3665651286094368
701,0.3442651828035901
702,0.0786132159409175
703,0.09024124827171459
704,0.08015574811741055
705,0.048860915475586825
706,0.031189862233469173
707,0.030127359105010715
708,0.03987212622789277
709,0.030814352813708035
710,0.03476359752823496
711,0.35045576242302046
712,0.3156856403440506
713,0.2197861487252732
714,0.25393544900247467
715,0.21799525608339046
716,0.15139101157268162
717,0.2328272588672775
718,0.1881276757675539
719,0.14025420968136532
720,0.2478095389303295
721,0.22460257132430622
722,0.1532300085048725
723,0.13643406849228037
724,0.07224756768453708
725,0.06942167428327406
726,0.1032984255833333
727,0.08932416021526038
728,0.07021353793620469
729,0.11218091336012168
730,0.12333173008731171
731,0.10162705923424772
732,0.05008859001640023
733,0.05150715384743593
734,0.048075088239984465
735,0.047986726538879615
736,0.05076477010461691
737,0.04951265552955028
738,0.5114539684391181
739,0.4640180985231508
740,0.3639388448251794
741,0.26532228584603945
742,0.26440273712290285
743,0.2146583666244318
744,0.18516724194218837
745,0.18182213895868138
746,0.14882485807924634
747,0.3209350626622209
748,0.2696882244991978
749,0.198329355831884
750,0.1914507484341627
751,0.08924065574090251
752,0.06354976421468225
753,0.07316123496175497
754,0.08377929541315676
755,0.0659813779931974
756,0.0752372356922219
757,0.08472813995551456
758,0.08384846703944887
759,0.0846104622705724
760,0.07416236785609354
761,0.07035307075356617
762,0.0496695189643693
763,0.060058663192413125
764,0.07153719209193499
765,0.45628482476725574
766,0.37633003484922667
767,0.32716442769070664
768,0.8254939545198937
769,0.6763084891715914
770,0.5796135259749802
771,0.442816638964269
772,0.37249522979654304
773,0.3381303414009096
774,0.20000120141957423
775,0.1895081321873956
776,0.17454646345979355
777,0.17887456114160655
778,0.22025139774278088
779,0.12715152092584794
780,0.1277305617238514
781,0.1337663543730487
782,0.13334340862141567
783,0.06035465971710238
784,0.08379193252808037
785,0.08660853699107884
786,0.024590790957534803
787,0.02564147104456599
788,0.025978930928614807
789,0.019513534733696325
790,0.03791554376692438
791,0.044264750720806656
792,0.3670131385001989
793,0.2857312439653011
794,0.17693104514357644
795,0.46825291931546426
796,0.3224336175804491
797,0.19949480375910478
798,0.2363891067674122
799,0.19875073159852763
800,0.12219977869852719
801,0.16360506785079448
802,0.13272531057647552
803,0.10066448853026516
804,0.10553004263194227
805,0.049021850238757075
806,0.05458529410061766
807,0.052992599914474664
808,0.06715972913761611
809,0.05298600914785387
810,0.09447024137381133
811,0.10422159359866467
812,0.11766551298911956
813,0.08079611809325069
814,0.06261935188994552
815,0.06402016306140651
816,0.06080108700744921
817,0.0553142189167449
818,0.05697043414975578
819,0.45167514223830596
820,0.40036410431399494
821,0.35643744890550666
822,0.41425626429862794
823,0.35961709902718114
824,0.29989430266852923
825,0.3396805576218583
826,0.2848081292986753
827,0.25410030030166303
828,0.30052376291319977
829,0.26117877038321596
830,0.22449264574591218
831,0.2169989274363172
832,0.14001352085832167
833,0.11928095699913532
834,0.14194920318237225
835,0.12284503805440869
836,0.1142383874258675
837,0.301948787565988
838,0.23151321030858377
839,0.2498572053602567
840,0.3561172559813601
841,0.270736472329066
842,0.24445563566648726
843,0.18767937249464284
844,0.13741124702278143
845,0.1786179730004991
846,1.623047090305668
847,1.0839972261411934
848,0.9763582602055949
849,2.0851239852527286
850,1.531301773234585
851,1.3035243140207684
852,1.3867636925742968
853,0.9356966884032252
854,0.8754782928843242
855,0.8115395742181963
856,0.5764686191634542
857,0.5201937913980759
858,0.5083574659768095
859,0.6131208525419442
860,0.3528728903078386
861,0.5326540268636533
862,0.3818164878158283
863,0.34750880737915457
864,0.061870122691191326
865,0.07343708193533077
866,0.0862077606125862
867,0.03899353645662229
868,0.03340521152579087
869,0.03734168283014602
870,0.029387859802701477
871,0.029375712990435787
872,0.04007382326634426
873,0.29417489503184324
874,0.31356539113775966
875,0.30431554230994584
876,0.19692311298747198
877,0.21161733088670837
878,0.2068679378340213
879,0.1325855669286745
880,0.14515863077186544
881,0.1409076552126147
882,0.1995960768724781
883,0.20436132002413457
884,0.18423509816556533
885,0.17778931133230524
886,0.08619685459367349
887,0.05886975291104646
888,0.04267808393206904
889,0.052741541253129215
890,0.05704452138972052
891,0.1634798468593473
892,0.12409791863872668
893,0.09171357276205744
894,0.17790070000064434
895,0.10921456529863155
896,0.07345542989365292
897,0.1062687668651808
898,0.09381550380691875
899,0.07913995698272444
900,0.7659788139618262
901,0.48968593168437596
902,0.30942451588174474
903,0.8328187892349819
904,0.5216726216649665
905,0.332885397676129
906,0.6685641701378168
907,0.45335406124939226
908,0.30887249189989474
909,0.433196602764981
910,0.2487686301498167
911,0.1544267534608822
912,0.15698253312780583
913,0.13437573744338893
914,0.1362353835141597
915,0.2906971196979124
916,0.19212493712448536
917,0.11914646316516872
918,0.13252305938027614
919,0.14506791334277275
920,0.15326598373073957
921,0.09237138207508341
922,0.09427265155317985
923,0.09531314243538147
924,0.06440210647244271
925,0.0659921451673045
926,0.07275805150897824
927,0.8420515968188774
928,0.7421497827309687
929,0.6737936126794695
930,0.7305356592439749
931,0.6373878025416162
932,0.56080106238826
933,0.4783573970160141
934,0.4187608877503749
935,0.3964757545427504
936,0.46422635182145894
937,0.45023093510596546
938,0.3982074459003699
939,0.3944958867559799
940,0.2660588251491242
941,0.17162998511748773
942,0.17623549533689753
943,0.17220105036913336
944,0.17093619598950222
945,0.08561991841802313
946,0.0683916033388576
947,0.06267066501144794
948,0.06060324120185945
949,0.04245787150985461
950,0.03826553894504248
951,0.047889359218102195
952,0.032584355439057994
953,0.03151467113586329
954,0.34646564471840824
955,0.27503375579220907
956,0.2063479556137935
957,0.29941946053356444
958,0.23448337898149751
959,0.195283252672971
960,0.23762007026916437
961,0.1874122494915459
962,0.1495088481846641
963,0.20264597753506303
964,0.16115893052999453
965,0.12017057254851679
966,0.118279911775793
967,0.0861976314452037
968,0.060869233462462674
969,0.08468911789953804
970,0.0637561791005033
971,0.0611722849244985
972,0.2012044333896613
973,0.23252723032671352
974,0.24072434281255062
975,0.1755977151876853
976,0.18304942988341544
977,0.1728485574909806
978,0.10493020966508118
979,0.12429582761622951
980,0.13313241136533713
981,0.8033990869698935
982,0.7578673648945642
983,0.7050471553390615
984,1.1844337665055713
985,1.0580300286407907
986,0.9603861245070703
987,0.6497507711348546
988,0.6176233416093067
989,0.5917508045077439
990,0.512794300383252
991,0.47904039607158067
992,0.42975960415460734
993,0.4323758267039385
994,0.44281992262286646
995,0.27584376774682046
996,0.25424964539342765
997,0.2502733550114523
998,0.2487645162767351
999,0.08179206862938429
1000,0.08280807505642862
1001,0.08311820317241703
1002,0.05450721401979847
1003,0.030378863349225044
1004,0.030792539091835908
1005,0.04886591180090541
1006,0.03999350180878866
1007,0.042172732790730416
1008,0.3167079148736198
1009,0.260856061899262
1010,0.19919357610611854
1011,0.2457083750864745
1012,0.1767093016843805
1013,0.12541180983980052
1014,0.25789372946131145
1015,0.18850646765748263
1016,0.15101663802284732
1017,0.22870393611097312
1018,0.17848802626813198
1019,0.135567242777833
1020,0.12858421216236834
1021,0.05827958457579027
1022,0.07120465751779007
1023,0.1058801492282
1024,0.08528267126449013
1025,0.071994290555664
1026,0.08754576456911267
1027,0.1001502987056313
1028,0.10535697522765444
1029,0.05674000298896481
1030,0.057502211939593095
1031,0.05529927144737917
1032,0.03278453891525526
1033,0.05236482257165806
1034,0.05203882283058758
1035,0.7929986618227397
1036,0.5731127646844518
1037,0.43442399986788266
1038,0.84455179950801
1039,0.585694311612509
1040,0.42968457700363616
1041,0.5015504997535513
1042,0.36232173666133116
1043,0.28960458409207523
1044,0.24993909047908086
1045,0.23274789530861761
1046,0.19045517249020188
1047,0.1986610396153919
1048,0.15137967661682666
1049,0.10327970378706483
1050,0.09213514089562747
1051,0.11476690039711379
1052,0.10989422045548569
1053,0.060196527687846946
1054,0.05858995091954142
1055,0.06334184577085672
1056,0.044672937746420394
1057,0.04291761167364344
1058,0.04707160278313394
1059,0.03516636640376264
1060,0.03796421287071819
1061,0.04124677701761856
1062,0.22251116373475777
1063,0.2128910672716174
1064,0.18815234448151655
1065,0.20378863901696415
1066,0.1956946723721258
1067,0.1875167852750689
1068,0.16043847748139906
1069,0.15242901939372222
1070,0.14392786196874918
1071,0.14455146411820163
1072,0.12913341332519168
1073,0.1093271676547155
1074,0.11059059253032597
1075,0.08683884023447469
1076,0.061868038521608326
1077,0.060556413166347356
1078,0.060604753599427824
1079,0.06058085126839033
1080,0.0519875881829866
1081,0.0634177489813671
1082,0.05884050464505039
1083,0.02840458658385908
1084,0.045178948948136816
1085,0.04432286187147705
1086,0.01764859193541829
1087,0.03501183423620574
1088,0.03669680441903991
1089,0.2778889316401587
1090,0.2776555898165725
1091,0.25364835880391384
1092,0.22677853973057444
1093,0.23455746519506782
1094,0.2285986530006512
1095,0.1862607945231498
1096,0.19222641104784396
1097,0.19361722311201326
1098,0.1844686187911307
1099,0.17669644082762986
1100,0.14126676650904768
1101,0.13644055729845603
1102,0.11708197429003786
1103,0.09381394384294825
1104,0.07991984294951704
1105,0.10377572095197993
1106,0.09536793553872114
1107,0.20265405522245794
1108,0.20991920378587564
1109,0.2035680973200386
1110,0.21286025779032638
1111,0.19606736464146465
1112,0.19070173394090378
1113,0.1431092206614472
1114,0.1526392692506263
1115,0.16928222932467762
1116,0.951068777323153
1117,0.9588907491534108
1118,0.9001067368692051
1119,0.8206343139697331
1120,0.799465275263747
1121,0.7635663799498795
1122,0.6651595162883341
1123,0.6669131547442317
1124,0.6549150529600376
1125,0.5812407404892084
1126,0.5839231463872518
1127,0.5434236668718027
1128,0.4981687937286134
1129,0.346897731712394
1130,0.30370033507369143
1131,0.2619624352671038
1132,0.2831951101141922
1133,0.29612299584747737
1134,0.1747607010380987
1135,0.18607358592800777
1136,0.18184822601085524
1137,0.15462760183235807
1138,0.14365874344178464
1139,0.1408406833153793
1140,0.12144079783459025
1141,0.1143003465646397
1142,0.12572320948906887
1143,0.7703239340393433
1144,0.6849767064248362
1145,0.5415988402588223
1146,0.7437469490785922
1147,0.6460229046428463
1148,0.5023859332570164
1149,0.6278784691905153
1150,0.5504839621760934
1151,0.4491679883561661
1152,0.4724697483964954
1153,0.4145587822295025
1154,0.30699042661964426
1155,0.2945152783225957
1156,0.23684527788475346
1157,0.20595128005192162
1158,0.2975700753653633
1159,0.2679278160599595
1160,0.21068502703319192
1161,0.056241603934400086
1162,0.05654988568675515
1163,0.061171580723454744
1164,0.04809172167420392
1165,0.04777198072432476
1166,0.051687843205248885
1167,0.04073182078013343
1168,0.04309729181457134
1169,0.0483952693242605
1170,0.22312136345625658
1171,0.20594770806081467
1172,0.19880320615438524
1173,0.2158669711287606
1174,0.19737583032955625
1175,0.19202397141654493
1176,0.19963711374411386
1177,0.18218497202952216
1178,0.17388014870081514
1179,0.11644491521843675
1180,0.10830113470907018
1181,0.10233167345200134
1182,0.10021734702630866
1183,0.0918080897856233
1184,0.08411407634640455
1185,0.09714702163168046
1186,0.08985224842796047
1187,0.08799641600550404
1188,0.12022113568117015
1189,0.13755690782206648
1190,0.12654381261914774
1191,0.0786354922200298
1192,0.08711098783062171
1193,0.08121478579468122
1194,0.04709269358765855
1195,0.06730933516598345
1196,0.06611440884856598
1197,0.642335196343703
1198,0.5320889288895594
1199,0.4575612723942206
1200,0.5915807660977253
1201,0.4771952400756022
1202,0.4178712954992996
1203,0.3786228681771006
1204,0.332074744268403
1205,0.2987792906926748
1206,0.36715520980143873
1207,0.308406765462096
1208,0.24455952858045496
1209,0.24656571500335356
1210,0.17758008241524914
1211,0.1270361499580696
1212,0.12749674854083715
1213,0.1290522801529151
1214,0.11382191309420628
1215,0.12876390464432236
1216,0.13782828829488988
1217,0.12229832852347575
1218,0.09338450406711382
1219,0.09190083812875421
1220,0.08455406182111483
1221,0.07487660748065433
1222,0.07828171003132448
1223,0.07540499362028394
1224,0.5190829731459268
1225,0.44837137211853234
1226,0.2892588201881496
1227,0.4514946804801355
1228,0.38270724996889577
1229,0.24730579203655872
1230,0.4053025311849564
1231,0.34811136870196474
1232,0.22953540086743893
1233,0.34979789694506536
1234,0.29372582836257505
1235,0.19296240133039727
1236,0.18994752920733027
1237,0.12572453645491682
1238,0.11353734083136569
1239,0.19035062569800656
1240,0.17293534118444595
1241,0.11585825975284533
1242,0.18480892703687268
1243,0.18723048562515757
1244,0.19121476280433725
1245,0.12698634525976532
1246,0.13800547317887138
1247,0.14808958598048627
1248,0.12254511332483131
1249,0.1367861057230933
1250,0.14608271386123867
1251,0.7589163928115921
1252,0.7516568759524427
1253,0.7341531783917121
1254,0.6346372141212888
1255,0.641356887719753
1256,0.623291280928819
1257,0.6129260079471186
1258,0.6219237974866276
1259,0.6070692101921394
1260,0.4085246949215541
1261,0.40346106279796434
1262,0.3968058023381597
1263,0.3913144659362321
1264,0.28446975266592045
1265,0.2757208171982982
1266,0.2538473179497278
1267,0.2724932662327175
1268,0.27636677823138284
1269,0.09404377235701641
1270,0.09834403450493484
1271,0.09656290603778694
1272,0.06649798593216696
1273,0.058429194927053535
1274,0.05317083968275221
1275,0.05076690197458894
1276,0.05397568316804083
1277,0.05194322561656978
1278,0.23966184770797166
1279,0.24253317384652595
1280,0.24322228662894024
1281,0.31697987760717233
1282,0.300211818463555
1283,0.2730109265445306
1284,0.21573448966946535
1285,0.20263813397967317
1286,0.19272264788980684
1287,0.18624550829723702
1288,0.17568990162067705
1289,0.15514127115154147
1290,0.14949621311596836
1291,0.11868469506391752
1292,0.09982286578419164
1293,0.09692365361219982
1294,0.10235551044823646
1295,0.10040396062904575
1296,0.04731297449956659
1297,0.043617774327791625
1298,0.04683624189134544
1299,0.03587595687909295
1300,0.03050569662534311
1301,0.03826985560024734
1302,0.019505586623692228
1303,0.02064183297444519
1304,0.03165939599437345
1305,0.2414040623842825
1306,0.20511838624560527
1307,0.15299989482800963
1308,0.22342812370804985
1309,0.20354152935018716
1310,0.16640029356123812
1311,0.17508685610432756
1312,0.15866664209167658
1313,0.1319819273383046
1314,0.15435121787268558
1315,0.11988432905852323
1316,0.0839640627720537
1317,0.07831147643322078
1318,0.06907940861888692
1319,0.055522254683846195
1320,0.05192835185071809
1321,0.05899850346201568
1322,0.05364685711661793
1323,0.08164316954455819
1324,0.07383613561263719
1325,0.08294172533511501
1326,0.06920177435475217
1327,0.04352237054429289
1328,0.04278528277523144
1329,0.047823178670582916
1330,0.034396723936160556
1331,0.034369293670812734
1332,0.34164797305187955
1333,0.2520553949668015
1334,0.23543208918062997
1335,0.3830043376383645
1336,0.27867639112104725
1337,0.2269891747888073
1338,0.2742371649556796
1339,0.18181061031433954
1340,0.16454344206870067
1341,0.22122721251040262
1342,0.17486455247049032
1343,0.1572440982695823
1344,0.14489504409950954
1345,0.09146859460701193
1346,0.07485522598503397
1347,0.1029547608690018
1348,0.07900046786276033
1349,0.07304207935614443
1350,0.18439015662855468
1351,0.20237546310864396
1352,0.22511206189182434
1353,0.1501350280408883
1354,0.14179674922691074
1355,0.14511237575269934
1356,0.10625430194129043
1357,0.11959400340519505
1358,0.13365479534813487
1359,0.9690622071633337
1360,0.943945849538432
1361,0.8840550479372218
1362,0.8148100754510155
1363,0.7821804272073349
1364,0.7179692743723315
1365,0.5959974659396672
1366,0.5898012260539277
1367,0.560298370057051
1368,0.5832147226536928
1369,0.5622411199485384
1370,0.519835339084194
1371,0.49041490391528786
1372,0.31997641592896786
1373,0.2486341465624549
1374,0.22230601611393727
1375,0.23342721584645937
1376,0.2349073092558752
1377,0.09465408018754373
1378,0.1279222261948714
1379,0.13173738492915854
1380,0.07012152090837709
1381,0.08126452855614083
1382,0.08016828184690425
1383,0.04918650243911066
1384,0.06332135612826495
1385,0.06852956454863207
1386,0.35299650663920584
1387,0.3818898289487902
1388,0.35895476944954774
1389,0.39502991472194526
1390,0.39292326620932816
1391,0.347530552612348
1392,0.3151444413418897
1393,0.31595488011832185
1394,0.2989154166255663
1395,0.2395386732537167
1396,0.25602815916150345
1397,0.2264703114894357
1398,0.21902793440451357
1399,0.17562895897523043
1400,0.1411175036831514
1401,0.12754227078237448
1402,0.14109159179023542
1403,0.1375311636992283
1404,0.2058644785111717
1405,0.2173391616562476
1406,0.2130824107418877
1407,0.1594360892435842
1408,0.16792935781619522
1409,0.16431380983956284
1410,0.13655673467596563
1411,0.14276245068685606
1412,0.14493221653362348
1413,0.8991471154323178
1414,0.8932391013022158
1415,0.8535448272977418
1416,0.7900056205735004
1417,0.7922221855719729
1418,0.7614459301825875
1419,0.6708677277195367
1420,0.6619060238628742
1421,0.6422524780734338
1422,0.5385414891682812
1423,0.5507066622605479
1424,0.5170814221724245
1425,0.5003808520305614
1426,0.3840905793765741
1427,0.2967614071707403
1428,0.2939819154088511
1429,0.30677562705301353
1430,0.2963118081691541
1431,0.09295600375672425
1432,0.11202901855327804
1433,0.11703498710515889
1434,0.05871066736145081
1435,0.05497314818314544
1436,0.049838781724903775
1437,0.03527477677903426
1438,0.04227593897533999
1439,0.05363219898855412
1440,0.5042267844385881
1441,0.48057840220413706
1442,0.42542213171077925
1443,0.4432405621981609
1444,0.41248305069163993
1445,0.3584382210309504
1446,0.34233069893083223
1447,0.31297458045392423
1448,0.27595559670218733
1449,0.29425863205553415
1450,0.27855057214310663
1451,0.23088116884927973
1452,0.21629902761782704
1453,0.11959753058378919
1454,0.09946068744539036
1455,0.11079574388595839
1456,0.1065031087006292
1457,0.10484890055507018
1458,0.057433268760856
1459,0.10860231633873549
1460,0.10251177316662419
1461,0.048118014963296846
1462,0.06359531070092594
1463,0.0533008805089413
1464,0.020433828348171063
1465,0.05184886306851852
1466,0.05547787057305903
1467,0.3970693669746521
1468,0.3376933014486824
1469,0.2760894816368699
1470,0.6865222384167211
1471,0.5235448101388249
1472,0.43206851707679034
1473,0.2836150841779356
1474,0.27299050599441405
1475,0.2478396169131615
1476,0.2065663682402843
1477,0.17970825152534609
1478,0.13431849280863786
1479,0.13608206770993223
1480,0.11828370736302896
1481,0.09471363342038586
1482,0.08873639962425725
1483,0.10205785164852904
1484,0.09399789749360113
1485,0.1048451939277984
1486,0.10783816105600422
1487,0.09030559560351073
1488,0.07756426985657913
1489,0.04674323601760247
1490,0.04431968549008841
1491,0.04438323059372343
1492,0.034617206813456425
1493,0.045610503891189036
1494,0.5714017604166053
1495,0.28000793770161625
1496,0.15262429405168176
1497,0.5807507999934833
1498,0.2805106783615947
1499,0.17952746919046908
1500,0.39839032721224066
1501,0.22513333832356838
1502,0.15679222187310388
1503,0.33260395405699295
1504,0.20963968269042313
1505,0.11971045992824603
1506,0.11821639383253621
1507,0.05855813755638861
1508,0.06060312546049196
1509,0.131012837183285
1510,0.08973402848982953
1511,0.06027032519045569
1512,0.12240939194654693
1513,0.11831030855177216
1514,0.12278460997283885
1515,0.10526166781417359
1516,0.10593761151192163
1517,0.09976162255226842
1518,0.1078864050819327
1519,0.09491273082244561
1520,0.09269908877367647
1521,0.6795310708813935
1522,0.5138857741333156
1523,0.3978767474401885
1524,0.6707278703305306
1525,0.5224306683525048
1526,0.39868833292657613
1527,0.6534915283597071
1528,0.49976409182248543
1529,0.38642034846740225
1530,0.3791038348545574
1531,0.31573008596211344
1532,0.24366983240632345
1533,0.2328359134347156
1534,0.20209732691795756
1535,0.1725929769399853
1536,0.3080185857571691
1537,0.25032647159483673
1538,0.1822778228870708
1539,0.12384664641185564
1540,0.13130435918483752
1541,0.1213322951114017
1542,0.07970823324936901
1543,0.07879488349454764
1544,0.082266178838898
1545,0.0679685067261811
1546,0.06865563240770664
1547,0.07545732819465784
1548,0.5802838585551403
1549,0.5142464880664795
1550,0.39315154399482566
1551,0.5128969637949408
1552,0.45054003204294596
1553,0.3605637559352864
1554,0.40570374172797546
1555,0.36883608757029385
1556,0.29881651415272026
1557,0.33893308091084984
1558,0.2912630036440562
1559,0.19824995716525384
1560,0.19701408786537197
1561,0.138635494336802
1562,0.1231393012413014
1563,0.17157233216768203
1564,0.17176704781482888
1565,0.13025914706842828
1566,0.1127188549096568
1567,0.12895191924677954
1568,0.11861430204085249
1569,0.08489395658915244
1570,0.08369972248824464
1571,0.06969838383429028
1572,0.058878461699407386
1573,0.0684372016589265
1574,0.06783596273597484
1575,0.5972052555072684
1576,0.47944209011216155
1577,0.35524504401411916
1578,0.5892644509188589
1579,0.4599112052664336
1580,0.33210272049507283
1581,0.46670264528280114
1582,0.37118660611117427
1583,0.30203063407791186
1584,0.3459792529423418
1585,0.28584634808517845
1586,0.21476292137634334
1587,0.1939891328520426
1588,0.14053360016656258
1589,0.14165745351397205
1590,0.2031009046224474
1591,0.17293236699832124
1592,0.14298098953399327
1593,0.11589468906150344
1594,0.12186736522264721
1595,0.12197092255240957
1596,0.12232815693250651
1597,0.06561173467068485
1598,0.04996363225208025
1599,0.06785016861073548
1600,0.0704135752824418
1601,0.06741712578806996
1602,0.5545374592388272
1603,0.265204718057085
1604,0.15464710211938593
1605,0.7972601484838466
1606,0.35924042137023887
1607,0.16234108346213927
1608,0.5291505992427008
1609,0.280908872922903
1610,0.14866300638410107
1611,0.27022803995934375
1612,0.15948226865666149
1613,0.08077919895085825
1614,0.07298447598186428
1615,0.009611032732577962
1616,0.05100258645781253
1617,0.16891867400471589
1618,0.11481465846697281
1619,0.05401909097458296
1620,0.09098381662070062
1621,0.10394438839892783
1622,0.09854761366358744
1623,0.04122438725026614
1624,0.0372827113679417
1625,0.036699923453831884
1626,0.028170841672124858
1627,0.029151567100415277
1628,0.03346888462103337
1629,0.36114978613371257
1630,0.33549424045990894
1631,0.26711701665466603
1632,0.2767718293988824
1633,0.2434003149172116
1634,0.20131377387541688
1635,0.15841654990185308
1636,0.13915694485035185
1637,0.10806213672964249
1638,0.23012368113204493
1639,0.2145336383125344
1640,0.161540392510938
1641,0.15033761714863192
1642,0.07775589998430377
1643,0.04546649085088575
1644,0.04890891238510214
1645,0.05189070912384122
1646,0.046886908251481035
1647,0.08572941347921706
1648,0.090709129267533
1649,0.09826139392312608
1650,0.07768694148193184
1651,0.07804843741074921
1652,0.07662835350453095
1653,0.057494786176305435
1654,0.058717520986490634
1655,0.061210000577031576
1656,0.3297828367365653
1657,0.33175443888097855
1658,0.3373298420575661
1659,0.29236543815044574
1660,0.2910213305288762
1661,0.29503755167758583
1662,0.24521620487791246
1663,0.24157793703477362
1664,0.24762956023255367
1665,0.2173559327925279
1666,0.22176722959507267
1667,0.2244239750512764
1668,0.22127791167233918
1669,0.1780651522288731
1670,0.1442294523016444
1671,0.13571675521066914
1672,0.13534487049154725
1673,0.13689032046474972
1674,0.148334336160251
1675,0.16275280271348266
1676,0.15823221085056302
1677,0.08545444438612754
1678,0.09221097200803344
1679,0.08987539161617003
1680,0.07094729303946115
1681,0.0870469662193269
1682,0.08571612031313883
1683,0.7418501557874537
1684,0.6843429961360155
1685,0.6036214925629094
1686,0.5175055070999698
1687,0.48240103554666913
1688,0.43934233227520597
1689,0.3963860246342157
1690,0.38146189632826355
1691,0.3421781790734684
1692,0.45042948709733543
1693,0.41984530977448126
1694,0.3561271162037759
1695,0.3379055731581582
1696,0.1870710971419582
1697,0.14425570515077651
1698,0.14228490448148265
1699,0.1586781499350508
1700,0.14285982222950833
1701,0.10093157358844188
1702,0.10730691908163739
1703,0.10109343172414018
1704,0.08575139922918851
1705,0.0920718043443117
1706,0.0925751064614653
1707,0.07629587176009678
1708,0.08207521882509453
1709,0.08325979675299217
1710,0.4140525193756818
1711,0.41209571128946776
1712,0.3492254542104385
1713,0.36365064354725596
1714,0.3579949640738574
1715,0.3050476117095929
1716,0.3512794193927584
1717,0.3455831775076412
1718,0.29397793200731753
1719,0.25941435421059345
1720,0.259948894765866
1721,0.2107200760102198
1722,0.2063306029013463
1723,0.1700687931816206
1724,0.14576871782352457
1725,0.1725008318589572
1726,0.1730032480911139
1727,0.14758033395738862
1728,0.1443701994466728
1729,0.14337856751361197
1730,0.13256139186186205
1731,0.06670569110277327
1732,0.07331810290301705
1733,0.06704273654754736
1734,0.04841894688965523
1735,0.05984187908341976
1736,0.054051012194494236
1737,0.650852112025362
1738,0.47358413939361843
1739,0.3752885744048041
1740,0.5399306862699647
1741,0.3931697603790898
1742,0.310432739143649
1743,0.4170688125011721
1744,0.321595675871707
1745,0.2604150565241875
1746,0.37922316026309216
1747,0.32301241352450055
1748,0.2555860527648
1749,0.23021016961983032
1750,0.14110409708504779
1751,0.11145605716979293
1752,0.13184102865864755
1753,0.12447234714675909
1754,0.10490476459218545
1755,0.0778359501091477
1756,0.09802335296820894
1757,0.09539937246474095
1758,0.05886701794623894
1759,0.051557239944324235
1760,0.04834171421467698
1761,0.007273438462756243
1762,0.031256118017201406
1763,0.04056336778792635
1764,0.4426379204842561
1765,0.30903231814659626
1766,0.2018812842672797
1767,0.6449497104760757
1768,0.3926159353600536
1769,0.2589429503338611
1770,0.27928373757243596
1771,0.20967330715336518
1772,0.13559731353196763
1773,0.2367386261372027
1774,0.19233358908697057
1775,0.10403477520218038
1776,0.09446127298055396
1777,0.0653874857763165
1778,0.03149631704413053
1779,0.07010966772810309
1780,0.07949637188746428
1781,0.03381307834157046
1782,0.11910195093529988
1783,0.11786929786460196
1784,0.11841329020221797
1785,0.09101762491157864
1786,0.07317399467419738
1787,0.08462097881634689
1788,0.0802570210933844
1789,0.07166820863446435
1790,0.08308623708369356
1791,0.7066916619960028
1792,0.5667933721847683
1793,0.46696631117172516
1794,0.5875134909170907
1795,0.4647912537318041
1796,0.40621697258469347
1797,0.44700025889718237
1798,0.3575410187480813
1799,0.32142816926366496
1800,0.40002914186648514
1801,0.31068362700439095
1802,0.23620443768427057
1803,0.22116700474110737
1804,0.1616543467009054
1805,0.12275616598296035
1806,0.15383465585549422
1807,0.13234952026313956
1808,0.12162189992699449
1809,0.11726400938021925
1810,0.11561215016578777
1811,0.10587601226637675
1812,0.05859206089770866
1813,0.052829255498461486
1814,0.061527202031618516
1815,0.03534780000946322
1816,0.03276318226672709
1817,0.046692410287533875
1818,0.6179476826910436
1819,0.3985098722810436
1820,0.2811303159434847
1821,0.5081145597618959
1822,0.33186948899408125
1823,0.2557430923028265
1824,0.3739341933039759
1825,0.27751588989284454
1826,0.22920319756992977
1827,0.32904376550732883
1828,0.23363326036588242
1829,0.15323222045123136
1830,0.15434983715903014
1831,0.08841841031286496
1832,0.07400181795148758
1833,0.09618333895467504
1834,0.0853104286591399
1835,0.07510523875817757
1836,0.09566625974843301
1837,0.08225926942084605
1838,0.08921442867272963
1839,0.07072536926643316
1840,0.058817993415442804
1841,0.06892818351447452
1842,0.04920469109946088
1843,0.04726491483840156
1844,0.058353951958670935
1845,0.4705369182525424
1846,0.4371467463061761
1847,0.40251028191519955
1848,0.3366337686851088
1849,0.31553837494064724
1850,0.30643029792748255
1851,0.25967260095629063
1852,0.2471668550906033
1853,0.2397474072496985
1854,0.23313985228998563
1855,0.2062980811552153
1856,0.18310138131912673
1857,0.17832049053531013
1858,0.12746896277732825
1859,0.0816246797056357
1860,0.06898409206906389
1861,0.08162955381042503
1862,0.08403598572258689
1863,0.18106924336013547
1864,0.18205566500928855
1865,0.1499498865374831
1866,0.13705917582693114
1867,0.08461387728743985
1868,0.05699655762697789
1869,0.07070864775373922
1870,0.08123044431219575
1871,0.07153576305543982
1872,0.7714941503096668
1873,0.3983785687113469
1874,0.2155250777510852
1875,1.0078805124504946
1876,0.49533784611463016
1877,0.25109591846813695
1878,0.6605332829641299
1879,0.3593851322400403
1880,0.2138302922849067
1881,0.4498728661901299
1882,0.2787744241906313
1883,0.17556438097052632
1884,0.18054717790785857
1885,0.0920491425464589
1886,0.09451170504833462
1887,0.22915490629120513
1888,0.1492592317428873
1889,0.09452374907952957
1890,0.08061482075827006
1891,0.10368773233026149
1892,0.09797515305994542
1893,0.058807681517539095
1894,0.06419068499438152
1895,0.05051420957953737
1896,0.04479784176049831
1897,0.05025744962607015
1898,0.051874192002155955
1899,0.33857201168525836
1900,0.296068688524933
1901,0.24027160149151522
1902,0.47173601242265173
1903,0.37681231379404767
1904,0.2743338321698691
1905,0.3881367810524488
1906,0.3215043452196263
1907,0.25389234667582655
1908,0.20179532578737208
1909,0.17929378089716996
1910,0.13533715144379557
1911,0.13372667341818267
1912,0.09394584630791186
1913,0.08868451627964666
1914,0.12463588640076315
1915,0.1168133689516945
1916,0.09061119207146492
1917,0.16971442619382404
1918,0.16385346778511145
1919,0.16002199252928972
1920,0.13272990516010877
1921,0.12875382994243287
1922,0.14550947992712893
1923,0.11664543975362843
1924,0.11594230345436085
1925,0.14029350438144594
1926,0.7435681511752148
1927,0.6543911926682504
1928,0.5496417801866925
1929,0.656843882774911
1930,0.5754469294814984
1931,0.5227888541386703
1932,0.605135235578441
1933,0.5301720344747475
1934,0.4874250058808486
1935,0.46381416952120247
1936,0.3859395057612773
1937,0.2943516651812466
1938,0.2898184259060036
1939,0.26205676028060404
1940,0.23385566959548704
1941,0.28951332907417443
1942,0.24337871533266997
1943,0.23545278934505817
1944,0.1122366307489866
1945,0.12497835356091525
1946,0.13129770451582337
1947,0.06770342790537914
1948,0.06345221569774737
1949,0.06080196889182746
1950,0.047050086974066235
1951,0.05087123135614921
1952,0.05915218775634273
1953,0.4540324485923745
1954,0.45716522246992136
1955,0.44494900042865604
1956,0.31836408458108356
1957,0.31813636551726976
1958,0.30667619498388077
1959,0.224040315110192
1960,0.2247839198994352
1961,0.21538967525274422
1962,0.31579222691192216
1963,0.31568883821282173
1964,0.298896811794934
1965,0.2870458139243103
1966,0.14974207411280685
1967,0.10329587111100297
1968,0.08137483003429202
1969,0.09332198071771536
1970,0.10165288978895468
1971,0.18003488664160766
1972,0.1877719867553297
1973,0.18989261503159008
1974,0.14976628087467553
1975,0.1413108487335752
1976,0.13776701791031754
1977,0.1163363100644382
1978,0.11624124145520193
1979,0.120126132263119
1980,0.7301537847194823
1981,0.6888828395821492
1982,0.5958114667839095
1983,0.6420960578329289
1984,0.607374592441889
1985,0.5184479813863155
1986,0.5609139618669183
1987,0.5285377374373731
1988,0.46553580123967103
1989,0.47863511697320815
1990,0.44187968955964824
1991,0.3748765331532855
1992,0.36761405290780913
1993,0.27454961072449796
1994,0.23601084587102286
1995,0.28930410703036535
1996,0.2734549238856075
1997,0.23965750664124047
1998,0.11824222396227313
1999,0.1316832848086366
2000,0.1315983850723936
2001,0.12643508094187952
2002,0.12740576792305827
2003,0.12240715815744138
2004,0.12069558119307991
2005,0.12241149982562669
2006,0.1201974835532188
2007,0.8942604155477493
2008,0.7891673433550068
2009,0.6663776777668091
2010,1.0032542082022278
2011,0.8869811133842213
2012,0.7380919220342202
2013,0.8520252342252468
2014,0.7553659693791783
2015,0.6190758863417711
2016,0.41816113861493437
2017,0.39377861537651276
2018,0.33390711966892306
2019,0.33653932850932966
2020,0.33207969858304537
2021,0.29043722250831605
2022,0.3846162177731602
2023,0.3491744551756537
2024,0.28557049589408884
2025,0.1169107568613548
2026,0.13989472048272233
2027,0.14984419692745135
2028,0.12230324565287151
2029,0.12303220678689691
2030,0.12066832606985234
2031,0.055367879518076285
2032,0.07334947303000755
2033,0.08735591437511714
2034,0.8175135808854459
2035,0.7294261978760055
2036,0.644297982327295
2037,0.8696817285163724
2038,0.765834426480253
2039,0.6555392827823341
2040,0.49885753508057795
2041,0.4490629170026861
2042,0.42033368691504225
2043,0.5216717253051284
2044,0.5082449906978006
2045,0.42196728361592883
2046,0.35831599636981376
2047,0.28982958084275195
2048,0.1848370093957596
2049,0.1830317529352788
2050,0.20110961123859958
2051,0.19167297878974437
2052,0.1016276886595179
2053,0.11386252948321524
2054,0.10549955067136135
2055,0.04404328021856169
2056,0.0410944602213868
2057,0.03443473975734415
2058,0.04977503175690337
2059,0.051165711023482996
2060,0.056671894194924605
2061,0.2187984252314314
2062,0.23541759367605514
2063,0.18667691311087553
2064,0.28775688260042576
2065,0.27192504159196756
2066,0.19227639285314996
2067,0.23786826381656562
2068,0.22980787777523165
2069,0.19172185173040068
2070,0.2011410483792368
2071,0.19340623431324477
2072,0.1557422276621164
2073,0.13367672669185812
2074,0.07541878857218984
2075,0.09164917115389168
2076,0.08610933757904413
2077,0.09749570620975809
2078,0.08632619223748364
2079,0.08965720208838102
2080,0.08528136179406276
2081,0.08695352549620897
2082,0.0687273875703725
2083,0.06504455341918111
2084,0.06767947529314033
2085,0.06171757657939261
2086,0.05912089731611028
2087,0.06304185246040522
2088,0.2772442837910368
2089,0.2690487816791055
2090,0.2277355531356033
2091,0.27243686960785624
2092,0.2656693122499864
2093,0.22647084934110753
2094,0.26192747024414303
2095,0.2533521981509832
2096,0.21543976851244
2097,0.18407703308658752
2098,0.17319181674019712
2099,0.14988437905744628
2100,0.13943723090006196
2101,0.1207562156304322
2102,0.1109282008794906
2103,0.12392569923111788
2104,0.12216714690813546
2105,0.10254477163459708
2106,0.10879014937615497
2107,0.1106173568211184
2108,0.1154080967835355
2109,0.0902063657944116
2110,0.09432929826930733
2111,0.10050543857318334
2112,0.0773873848171597
2113,0.08458394873364783
2114,0.09453416258200437
2115,0.5407146131010824
2116,0.5552972482565831
2117,0.5510663820340493
2118,0.47633220332023674
2119,0.4952596650363797
2120,0.4962794545858564
2121,0.40659758533041535
2122,0.4214732875581874
2123,0.42553444173041033
2124,0.3801893631820482
2125,0.3877119949658973
2126,0.37216782502181345
2127,0.3299293951699935
2128,0.25358663106109
2129,0.20603912843628552
2130,0.18697963173099982
2131,0.20397454314432995
2132,0.2096564004559594
2133,0.11679724309161932
2134,0.11753168964513835
2135,0.12025962498410522
2136,0.11700746195712661
2137,0.1013210180561315
2138,0.09229612843191018
2139,0.07903672650117877
2140,0.06367347217540575
2141,0.0658992150189025
2142,0.5627867382791364
2143,0.4236988734646724
2144,0.3235894134724126
2145,0.6128451455135246
2146,0.4579655392000734
2147,0.33296188930658116
2148,0.5395055559190358
2149,0.401876239248101
2150,0.29963105470950757
2151,0.3126509170820775
2152,0.25451140231831465
2153,0.19146880601381794
2154,0.1955341792451239
2155,0.17556022717204503
2156,0.1366433476897799
2157,0.23793560670111347
2158,0.1989996779470158
2159,0.14270114855989552
2160,0.13625120524777723
2161,0.13561164064526665
2162,0.15386862427688278
2163,0.060969284765974074
2164,0.04657364734921221
2165,0.0458056460467722
2166,0.04736784156762941
2167,0.04782975949686244
2168,0.054970145882245636
2169,0.44559806144618663
2170,0.4085844386100266
2171,0.39151520021701863
2172,0.5122618783250328
2173,0.47041101219618286
2174,0.4348272966940601
2175,0.26537835470611826
2176,0.24308766349317565
2177,0.22464037547855234
2178,0.31328540505739483
2179,0.29788182813110436
2180,0.27851772084402304
2181,0.2693469236709907
2182,0.15884850061648237
2183,0.10166668461149342
2184,0.09836461557133674
2185,0.09807026937322069
2186,0.09387734155842489
2187,0.07046266580518107
2188,0.057624657374393734
2189,0.06167578711724825
2190,0.05060460524352195
2191,0.040331929059109206
2192,0.042473291262434626
2193,0.03209865381999283
2194,0.02879519197442662
2195,0.0318578326795291
2196,0.23902948421145068
2197,0.212891512092449
2198,0.20214465780918833
2199,0.20297472646805015
2200,0.17929619788907442
2201,0.1683876760682511
2202,0.1697522238900408
2203,0.15268804760476348
2204,0.1398768961580038
2205,0.16855024983967637
2206,0.13447262848770689
2207,0.12232328072559401
2208,0.11625364880174108
2209,0.07728702951378683
2210,0.059435299024674565
2211,0.060604337821285215
2212,0.05682707409133278
2213,0.053651299058272844
2214,0.10440307194575543
2215,0.11360281970552963
2216,0.12314570095413727
2217,0.0844927916651276
2218,0.0784704871817839
2219,0.09373281091455185
2220,0.06554201586074096
2221,0.06462562559635376
2222,0.08206590241313569
2223,0.4296768165700985
2224,0.4100508643413509
2225,0.37454636669050334
2226,0.391325252595065
2227,0.35504287145892555
2228,0.3295893295842127
2229,0.3363312699058876
2230,0.30251824370858943
2231,0.2916686923167551
2232,0.30598652968892004
2233,0.272131329735207
2234,0.23363682678675887
2235,0.22844514829650803
2236,0.18460131349341613
2237,0.1487304488193455
2238,0.1741880198229278
2239,0.15888874135807662
2240,0.1520077715638855
2241,0.09947879840551055
2242,0.10191869887525914
2243,0.11154630971579832
2244,0.07469303016929885
2245,0.0764191785223911
2246,0.08538776941564505
2247,0.05678631040538962
2248,0.06226547183079692
2249,0.07194957222954723
2250,0.43372662410839025
2251,0.4133424765392032
2252,0.40309736084339703
2253,0.37270209899771567
2254,0.35368212672243915
2255,0.3544842610301048
2256,0.3107473199814268
2257,0.31156469590873953
2258,0.3248676622703144
2259,0.2847716552992198
2260,0.2562687445122189
2261,0.24669426019747526
2262,0.2059653250376931
2263,0.16273293042910697
2264,0.13907779730174832
2265,0.13834208298221365
2266,0.14018441452321778
2267,0.1465549936855135
2268,0.20008377343819267
2269,0.18664291521878706
2270,0.19258023708373423
2271,0.22786816946303812
2272,0.20340350687826575
2273,0.19086350354040754
2274,0.1337106114815257
2275,0.13064459505468168
2276,0.1392184226818749
2277,1.0859281224562736
2278,0.8620327124223303
2279,0.7749797952982435
2280,1.5888586130200262
2281,1.353121683050499
2282,1.2146055930944615
2283,0.9504229058152168
2284,0.7787924446004032
2285,0.7164761434462691
2286,0.4854023200020282
2287,0.4072529102603436
2288,0.3981266356445764
2289,0.41043672842789436
2290,0.5348385167564833
2291,0.26354388742345286
2292,0.30971862398921557
2293,0.2597774943275923
2294,0.2660243693624071
2295,0.17863557680644804
2296,0.17714222968368987
2297,0.13842692853919364
2298,0.16789052132556936
2299,0.16970917851817008
2300,0.13886854617347896
2301,0.153513865214983
2302,0.15681949487516614
2303,0.1305356805345298
2304,0.8354338922043338
2305,0.6221993937022384
2306,0.40509265988697685
2307,0.8035055403780684
2308,0.6148452593527833
2309,0.41743938139493164
2310,0.7744592262142609
2311,0.6123286409931955
2312,0.4319969785309201
2313,0.46396946500168923
2314,0.33637134953345155
2315,0.1903929304371501
2316,0.1895852197222825
2317,0.1856538496902616
2318,0.1803887491727565
2319,0.3361794492297599
2320,0.28047959032544245
2321,0.1745607798531708
2322,0.10745132198251328
2323,0.1083298624795502
2324,0.12055598582016444
2325,0.08077582331605299
2326,0.09080148969856736
2327,0.10830498785761541
2328,0.06117382521406273
2329,0.07384483427475014
2330,0.09489217218375315
2331,0.5047608086777854
2332,0.4491351985400548
2333,0.3552114888298977
2334,0.4018474121786315
2335,0.38724246448968225
2336,0.30883662397570366
2337,0.33447129864939634
2338,0.3242844859258872
2339,0.26723880322221083
2340,0.3043018704533367
2341,0.25592549140176135
2342,0.19409182718622642
2343,0.18399668149527698
2344,0.1506118509727988
2345,0.12672710163157302
2346,0.14563941722414764
2347,0.15319826738266756
2348,0.13348221595633294
2349,0.196859108438979
2350,0.19791618461837185
2351,0.18651998667771158
2352,0.1594150194084827
2353,0.16773806139251068
2354,0.16746186388329776
2355,0.12146912682586586
2356,0.13336363233357976
2357,0.13632882494300522
2358,1.3316378915214229
2359,0.8989963611110623
2360,0.7447569296985573
2361,1.1490853895536528
2362,0.7962437520590556
2363,0.676122700132066
2364,1.0144111671225697
2365,0.7033652112345641
2366,0.6101964939723562
2367,0.6384295504391697
2368,0.4579002878656764
2369,0.3225233219603245
2370,0.32765917992213117
2371,0.28848300376968106
2372,0.2496814945989051
2373,0.4274636576244682
2374,0.3149084956942682
2375,0.2424163226347567
2376,0.20080184575890758
2377,0.2111529128865753
2378,0.1827475069638498
2379,0.12085008029361599
2380,0.1262504095999497
2381,0.11875786920110193
2382,0.08694452036645961
2383,0.10373247562017626
2384,0.10668210072116652
2385,0.8211551017602118
2386,0.6457857607085421
2387,0.4763411451298406
2388,0.7243850840222081
2389,0.5617288660580725
2390,0.4368333422659174
2391,0.6024865764864717
2392,0.4840425177924453
2393,0.38232788468523876
2394,0.465585988517766
2395,0.35616263577051677
2396,0.24951406996244926
2397,0.2599724741622906
2398,0.18794156675096474
2399,0.1634432538882063
2400,0.23545643673088393
2401,0.20431858272913622
2402,0.16192746243913048
2403,0.22767241839758517
2404,0.19855717962088687
2405,0.20738962451907297
2406,0.18908682257047724
2407,0.18449646295878003
2408,0.20164449474032597
2409,0.16305430511777042
2410,0.17089294307788153
2411,0.1929147641733786
2412,1.0716169570164529
2413,0.8084035127660479
2414,0.6402280486885858
2415,0.9847975227376394
2416,0.7674470996657035
2417,0.6174346004706999
2418,0.890798980444756
2419,0.7054980972491688
2420,0.5808642984430055
2421,0.6286084806486469
2422,0.42219394662514276
2423,0.33666160723090144
2424,0.3208238748181445
2425,0.2991465194762446
2426,0.28130528348427936
2427,0.41505597568966585
2428,0.324710332917761
2429,0.28257321856188605
2430,0.16094027392667598
2431,0.18323894858302786
2432,0.19510419424655512
2433,0.1523271505289228
2434,0.15463808716289815
2435,0.15655347110736412
2436,0.11516486719667213
2437,0.12368307021359154
2438,0.12645244537801986
2439,0.8365912555828664
2440,0.8260944994767861
2441,0.7790175367560896
2442,0.901150163203135
2443,0.8711118264220143
2444,0.8056676228753437
2445,0.7211614204458565
2446,0.7120592606057177
2447,0.6708984977059846
2448,0.49238509024181665
2449,0.4821632606425227
2450,0.45431452956147944
2451,0.4365490072010894
2452,0.37675480619483326
2453,0.28668788157303793
2454,0.3100798035257567
2455,0.3085649212256988
2456,0.29140481021982456
2457,0.2099825131139707
2458,0.2391693432264536
2459,0.2649001463126767
2460,0.22574461325868322
2461,0.21493712602206527
2462,0.2084217509920128
2463,0.14230149849650817
2464,0.15871472938182563
2465,0.17236362134235142
2466,1.160322831465908
2467,1.0853458768419126
2468,0.9879918817728941
2469,1.3678601193021862
2470,1.2472471066651611
2471,1.0928958465911855
2472,0.9069448881438926
2473,0.8375776184688666
2474,0.7821479610271777
2475,0.6447130753963219
2476,0.6062988650082168
2477,0.5441719772813046
2478,0.5425866545560998
2479,0.5202442301711253
2480,0.3300676965326774
2481,0.3509855316540472
2482,0.3384420778556639
2483,0.3308875156067333
2484,0.0680016859535327
2485,0.07631472473113235
2486,0.0764465020555945
2487,0.045318791106665784
2488,0.035344014423089626
2489,0.030026860519254156
2490,0.036692746989212044
2491,0.03370967666020927
2492,0.03512341994168883
2493,0.29625788861026225
2494,0.2610377736438899
2495,0.22823329929325395
2496,0.30003451941343157
2497,0.250377709720431
2498,0.19886370248089286
2499,0.21423428473888892
2500,0.1812204999114399
2501,0.1576248249794765
2502,0.18817777101644984
2503,0.15367445596586127
2504,0.12100109988644764
2505,0.12680391057186524
2506,0.07845079384549367
2507,0.06978639210280771
2508,0.08216587288687308
2509,0.08085315046164987
2510,0.06937627819000178
2511,0.13114489558969566
2512,0.13496427797984029
2513,0.116524137510054
2514,0.0726034232275202
2515,0.04714138504382934
2516,0.04459197323020647
2517,0.05973470066665604
2518,0.05446227427558337
2519,0.05145606452159862
2520,0.5540322522037961
2521,0.41557188084121466
2522,0.29099002718375266
2523,0.49099323149718255
2524,0.35254383044224397
2525,0.2535362748483596
2526,0.38959048397790397
2527,0.2938482768463878
2528,0.2241700685204439
2529,0.36470888463017037
2530,0.2881109782246204
2531,0.20431133860307416
2532,0.1997536224674082
2533,0.10912231900311034
2534,0.10502578196899137
2535,0.14944048332575197
2536,0.1249907760575995
2537,0.1042901702095298
2538,0.09453538847584056
2539,0.10534013279325374
2540,0.11629794078257302
2541,0.05654783295029242
2542,0.05185803615424542
2543,0.05251231649160917
2544,0.0609202686167149
2545,0.06567964058611309
2546,0.07279499434545364
2547,0.2112124509938666
2548,0.24072787276747795
2549,0.24718752611191336
2550,0.3243860088494487
2551,0.34001330008725333
2552,0.3399467672037738
2553,0.19857077268990175
2554,0.21015396181793145
2555,0.21621715895720478
2556,0.16343353344075906
2557,0.18087024709607832
2558,0.18198540529900503
2559,0.18465018565367491
2560,0.15150712497171792
2561,0.11546406621630359
2562,0.08326898148921869
2563,0.10020695000678884
2564,0.1069857348234691
2565,0.2875896200590649
2566,0.25428676297126734
2567,0.21180282607976209
2568,0.19217777468963515
2569,0.15926110566332918
2570,0.14163501494043157
2571,0.11494609453315444
2572,0.1388867226190534
2573,0.1426705205548291
2574,1.3067331951668157
2575,0.8657384347638554
2576,0.6321376057839276
2577,1.1955726310743047
2578,0.7843292149861335
2579,0.5888546962936363
2580,0.8667036359545385
2581,0.6301261016534473
2582,0.49999179737044086
2583,0.7268689439349053
2584,0.4928569532171308
2585,0.3393105420060015
2586,0.30052874400988766
2587,0.23074254369445782
2588,0.21356202613350544
2589,0.32119479598902395
2590,0.27582810886060494
2591,0.2203671526735288
2592,0.07628892675073412
2593,0.0760187594664555
2594,0.08330371075297421
2595,0.04746789329387363
2596,0.04635498611747535
2597,0.0515636672518526
2598,0.04634478464111402
2599,0.05015947574295401
2600,0.05447199613364939
2601,0.2696665593551395
2602,0.25588760423931917
2603,0.24577601391285114
2604,0.23556507895939865
2605,0.2264023546648401
2606,0.2207236154650541
2607,0.21736719446796648
2608,0.2008914720945263
2609,0.2031672146487929
2610,0.16462115314274373
2611,0.15496565529385636
2612,0.13568311557087878
2613,0.13242242141976204
2614,0.1013233557314745
2615,0.10117494844882449
2616,0.10384091349198896
2617,0.106130292835975
2618,0.10620273546041575
2619,0.058519381814963634
2620,0.08833166216032678
2621,0.09083702743960859
2622,0.07175157788948713
2623,0.07858847884098671
2624,0.07642668995318425
2625,0.0391440985588096
2626,0.049544293690679114
2627,0.06059253797742503
2628,0.40683180650952167
2629,0.3161196512550024
2630,0.21416860953807149
2631,0.42494863232738905
2632,0.3107567972529662
2633,0.20465995415681926
2634,0.3769687182156168
2635,0.27388333873541704
2636,0.1924246826739912
2637,0.22772378209269134
2638,0.18689604415022246
2639,0.11019997238078422
2640,0.10542061420007112
2641,0.08919144175672294
2642,0.07686818786176025
2643,0.17832184048721061
2644,0.12374853604128555
2645,0.07079072674657891
2646,0.0671218629813776
2647,0.045983793223140196
2648,0.05500663274697473
2649,0.054163543213444104
2650,0.04800556709001466
2651,0.05846567080943477
2652,0.01739403070065093
2653,0.022991447543523835
2654,0.03654639990941844
2655,0.325527101470367
2656,0.18796808307630436
2657,0.13542163265656415
2658,0.32726398354917874
2659,0.21253689464267964
2660,0.1645124889181945
2661,0.2946917021787491
2662,0.19103035906458218
2663,0.15168006364622366
2664,0.21578149362501392
2665,0.11390229379225228
2666,0.08870142576993817
2667,0.08979638258392261
2668,0.09603491862299526
2669,0.07195030332954439
2670,0.10365356563069822
2671,0.07633750049305246
2672,0.06823597210916724
2673,0.06301692614802415
2674,0.0788043581094959
2675,0.08651210561391662
2676,0.06707296774410881
2677,0.056684429444885026
2678,0.04696422983662357
2679,0.05126065105318553
2680,0.05655199288869606
2681,0.06340577782942869
2682,0.4069566942456466
2683,0.29324371560896223
2684,0.259166861994276
2685,0.6707654946674972
2686,0.4762649951503668
2687,0.38334839821320543
2688,0.38416988541992614
2689,0.2823152696965627
2690,0.2525856989397913
2691,0.22200273575035512
2692,0.16341052132816453
2693,0.11843518263589337
2694,0.11693271001508065
2695,0.12035232619929861
2696,0.10352028824119663
2697,0.15954961833377546
2698,0.1262320407690521
2699,0.10606483892737628
2700,0.1121253560194646
2701,0.1049623890103028
2702,0.09329081861882985
2703,0.09666283782054527
2704,0.08188914162867036
2705,0.07747690591241146
2706,0.0781779693817633
2707,0.07238055418845288
2708,0.072605792617708
2709,0.397829514671454
2710,0.2732548303628627
2711,0.18320652952386618
2712,0.35237481853466146
2713,0.2396405310728467
2714,0.16254143343458866
2715,0.3471994245524797
2716,0.23700824565045944
2717,0.16877399162463547
2718,0.298109929269707
2719,0.1981125548880524
2720,0.13834128447370764
2721,0.12677033399360638
2722,0.10023184680601438
2723,0.10147455676584677
2724,0.19574080424256396
2725,0.13407891675614628
2726,0.10075892858432978
2727,0.07730391266442185
2728,0.07416432188611874
2729,0.07556937259950675
2730,0.05377202193360692
2731,0.05585732921130865
2732,0.056984625821245444
2733,0.04324892685081494
2734,0.049922334118589345
2735,0.05179746419772885
2736,0.3106179929320999
2737,0.2645814321085634
2738,0.21240060620046464
2739,0.2935467115074024
2740,0.24853771116152823
2741,0.19824760368884772
2742,0.2775239028637632
2743,0.24022836440952383
2744,0.19287605862953439
2745,0.15998098439215816
2746,0.13114427652479133
2747,0.09835292527327064
2748,0.10131012710008999
2749,0.09031336480793115
2750,0.08201782433871008
2751,0.11635065977762635
2752,0.1053944022177887
2753,0.08097563428010202
2754,0.1911518370286656
2755,0.16027919657876477
2756,0.15817898859379464
2757,0.1127340613322774
2758,0.08012418922053968
2759,0.0811443486497262
2760,0.047125543020802574
2761,0.026558946828288493
2762,0.03771723002693969
2763,0.7540504619762133
2764,0.6286734907071647
2765,0.5458490044904656
2766,0.6812327322726979
2767,0.55470782795105
2768,0.47949968388848246
2769,0.5074294500012368
2770,0.3819772533256896
2771,0.3390396514182704
2772,0.3737968749060967
2773,0.33850380297437255
2774,0.30943133852132826
2775,0.3230464080887869
2776,0.21859236695172943
2777,0.126704708882343
2778,0.1424546351210778
2779,0.10980113012698084
2780,0.12532061303864503
2781,0.10592863909599048
2782,0.12699595529776014
2783,0.1359137048592297
2784,0.10305620288518791
2785,0.09927452851725721
2786,0.09917390534893769
2787,0.08288127788783126
2788,0.07721297032856944
2789,0.07749006398284558
2790,0.5537160448949654
2791,0.5321030761119778
2792,0.4604042636635116
2793,0.509465684123016
2794,0.48564738117146067
2795,0.4118058304467071
2796,0.45725890806834135
2797,0.4302327739313071
2798,0.3633421952207567
2799,0.3551149512802101
2800,0.3402005027884312
2801,0.2861663267709836
2802,0.25839582765888003
2803,0.1967968217136496
2804,0.1649200223848094
2805,0.22299507956045156
2806,0.2141194658161788
2807,0.16641299018731207
2808,0.07370519758710917
2809,0.06467761031370983
2810,0.06169335166062381
2811,0.05201083083096278
2812,0.042816430371362235
2813,0.0452411725774067
2814,0.03871709176733343
2815,0.0338862397108636
2816,0.03763862089172232
2817,0.31837887811900256
2818,0.289000864638497
2819,0.21313219758302512
2820,0.28470224844936104
2821,0.2566966664594297
2822,0.19617870463316278
2823,0.2469753594718362
2824,0.22003959643937368
2825,0.16655005648675225
2826,0.2163569992736687
2827,0.17777094596879686
2828,0.1174997819753382
2829,0.11543486073867332
2830,0.08998244966168178
2831,0.07519307231040448
2832,0.08294010465900511
2833,0.0868600286612683
2834,0.06980124678063007
2835,0.09362676249476509
2836,0.09917489041324956
2837,0.09880485145804499
2838,0.07649628250983542
2839,0.0774003687666189
2840,0.0728882674299397
2841,0.06373720795619772
2842,0.06990212457801473
2843,0.07465409732167852
2844,0.34093462111082146
2845,0.34539934719741316
2846,0.3231192103302401
2847,0.29909264050488116
2848,0.3009431743887046
2849,0.27746778225427926
2850,0.3012867244151552
2851,0.29282262312352314
2852,0.2709590469392234
2853,0.22059159357075736
2854,0.22462706467526136
2855,0.21015439105627076
2856,0.1921106806947839
2857,0.1445649679374902
2858,0.13616764117533883
2859,0.13726171068388263
2860,0.142306232486431
2861,0.13212227705250754
2862,0.0975456473488964
2863,0.09455449630557464
2864,0.08475572834002573
2865,0.056529312447399754
2866,0.0493005313475644
2867,0.05248609683501601
2868,0.037655956655486544
2869,0.03348754714880353
2870,0.04307018143388747
2871,0.6480188800620739
2872,0.37064060465090043
2873,0.2695925904772802
2874,0.5256357731005443
2875,0.3103711468134622
2876,0.24528372652486505
2877,0.364921681687872
2878,0.24109686409909412
2879,0.20380623813819476
2880,0.32346149878665953
2881,0.20520628206445005
2882,0.12814771925731835
2883,0.12155207048892197
2884,0.09430458256500432
2885,0.08040266364086951
2886,0.12153659894386862
2887,0.09109315495106782
2888,0.07861440076728207
2889,0.06495560373652301
2890,0.06092238357640531
2891,0.06229710930334742
2892,0.04567516974797331
2893,0.04481192386950453
2894,0.044227889769375195
2895,0.033184649473125355
2896,0.03733879333367479
2897,0.03911542703512519
2898,0.19180788667888138
2899,0.17647997805220314
2900,0.16426624413795465
2901,0.179027751029389
2902,0.16612097579901564
2903,0.14876823551290141
2904,0.15083643496682908
2905,0.13571397866774754
2906,0.1242623245030422
2907,0.1306160979318766
2908,0.11886498428899514
2909,0.10986451059056385
2910,0.11224706148943248
2911,0.08485441355490847
2912,0.060576357644986006
2913,0.05740135050730469
2914,0.06013148510203273
2915,0.05831896682596527
2916,0.08409864810131476
2917,0.09137671500622538
2918,0.07767180531764725
2919,0.04968220594674971
2920,0.04026195516948686
2921,0.04056251115764231
2922,0.044784907054431
2923,0.04113845344949407
2924,0.04458211225428818
2925,0.3099189978897406
2926,0.2912470455941559
2927,0.2203782123832234
2928,0.24078780256401772
2929,0.22736023521217522
2930,0.18057148132851392
2931,0.18706758200118762
2932,0.17477673026161017
2933,0.1469865255088651
2934,0.19735004889722796
2935,0.168883215446769
2936,0.12357721247965928
2937,0.12370068298340336
2938,0.08232269274613468
2939,0.07978325833016472
2940,0.07004588308171122
2941,0.078305382510896
2942,0.07718406962800764
2943,0.1757938089575406
2944,0.16984137628376317
2945,0.18302598952553178
2946,0.19710997924103346
2947,0.17608112952015095
2948,0.16334069364459547
2949,0.08461855328425388
2950,0.08232590409192589
2951,0.10331832491893217
2952,0.7845706966518798
2953,0.693338265393254
2954,0.6199390132449284
2955,1.1095815689657036
2956,0.9887956613412305
2957,0.8788813284017987
2958,0.6679923897798417
2959,0.575657168943859
2960,0.5373734930999686
2961,0.41369524838084304
2962,0.39067002481554924
2963,0.365982828148366
2964,0.3529746239568691
2965,0.3881338241111696
2966,0.21128250107186697
2967,0.2302219439658834
2968,0.2090760112981683
2969,0.21231222369929434
2970,0.20019054327861166
2971,0.1970594887466235
2972,0.17599972228675342
2973,0.17530959322839668
2974,0.14362855484720524
2975,0.11734445909729027
2976,0.13165529248171398
2977,0.11617276236761978
2978,0.11291798722464949
2979,0.947755808940907
2980,0.6838985513197069
2981,0.46104828578582524
2982,0.9701934569472441
2983,0.6785743188998485
2984,0.4509329221999552
2985,0.8204094109427813
2986,0.5821372845441128
2987,0.39722926354731103
2988,0.5159263567131751
2989,0.40278080886968903
2990,0.2617610849476322
2991,0.2632806921012358
2992,0.18378574124007968
2993,0.1752565501463566
2994,0.35610723464588506
2995,0.27027916208718444
2996,0.1794283656924458
2997,0.12320312448222759
2998,0.12671339359207104
2999,0.1279521310739154
3000,0.08745327133736991
3001,0.07556537472348143
3002,0.08260625415987008
3003,0.0631828663973397
3004,0.05890544246299223
3005,0.06584514000345332
3006,0.564140111109108
3007,0.5366789836408743
3008,0.5288149735157808
3009,0.38722786570925766
3010,0.35479173741866477
3011,0.35441866676067435
3012,0.2971445113690873
3013,0.27668734506612824
3014,0.27693127083606495
3015,0.3579046271278909
3016,0.334223398315558
3017,0.3170571398649266
3018,0.31575823781034856
3019,0.1652610788314336
3020,0.11587059427247506
3021,0.11221303618077402
3022,0.10344059051040036
3023,0.11384099823520033
3024,0.14607493961080578
3025,0.15263508286058902
3026,0.164008151273949
3027,0.13177704386132083
3028,0.1401954961927521
3029,0.1587556055077768
3030,0.1250719131493748
3031,0.1370399030670074
3032,0.15611721447041688
3033,0.699947007509427
3034,0.6638937513901075
3035,0.6006746418800446
3036,0.6520908593922785
3037,0.6228448966149303
3038,0.5756904975962467
3039,0.6194916954405612
3040,0.5986513354451246
3041,0.5554948639031696
3042,0.4115193528025162
3043,0.37805308393793435
3044,0.3277153343576232
3045,0.3004994296132171
3046,0.2790765401989732
3047,0.2683972690753165
3048,0.2988988925695446
3049,0.29117334907570613
3050,0.2657113237099014
3051,0.14974658179660222
3052,0.15455093942073755
3053,0.12128079364405775
3054,0.1187801417667852
3055,0.14278751540607693
3056,0.10901968174674748
3057,0.09531380259283173
3058,0.12271212632406131
3059,0.0996130442935467
3060,0.8272815995225435
3061,0.4985673200530464
3062,0.3504557228620835
3063,0.7873467097345695
3064,0.4997723104993694
3065,0.3438686083309935
3066,0.7010900399603462
3067,0.4360117082903714
3068,0.30968609427195287
3069,0.4376884384589177
3070,0.2594222514070973
3071,0.1679236464122687
3072,0.16849188860226255
3073,0.14267638019587797
3074,0.1350634779378129
3075,0.30233146924132415
3076,0.20761795661554303
3077,0.14146810457733763
3078,0.11515277080607933
3079,0.14420533705401312
3080,0.11825760804069918
3081,0.08627280521286454
3082,0.08613532555518277
3083,0.049657770326802075
3084,0.0573191172653193
3085,0.07818884347999819
3086,0.062068837727440124
3087,0.6387488553185741
3088,0.4543467382990859
3089,0.2959533539630537
3090,0.7241602542323917
3091,0.45625546136692774
3092,0.27705560326094525
3093,0.4910946533494957
3094,0.33692508825617423
3095,0.21617448129636835
3096,0.4056421342949449
3097,0.3094620416191846
3098,0.20885682498288785
3099,0.17211338747084146
3100,0.08639043308039202
3101,0.0981228351396344
3102,0.19035404015507462
3103,0.16279154408690416
3104,0.09463905427300359
3105,0.15803672328219937
3106,0.160172288295511
3107,0.17104646419177832
3108,0.15121322524151293
3109,0.14174825367123656
3110,0.14038536072142083
3111,0.11891214599988584
3112,0.1158070621332031
3113,0.11792374765980174
3114,0.707557951743921
3115,0.6911721870033811
3116,0.6661440416287696
3117,0.6512833157202988
3118,0.6347716966815559
3119,0.5978285539938022
3120,0.5387033918651982
3121,0.5312595346987808
3122,0.5071654737867595
3123,0.43524873041801226
3124,0.4231324730776379
3125,0.3954795187718821
3126,0.39391182661689617
3127,0.3117324225305767
3128,0.24897159852747514
3129,0.26258434549395665
3130,0.2632175146673286
3131,0.2402786305336228
3132,0.0867134967243556
3133,0.08396794498264332
3134,0.0833646845290357
3135,0.03992740790625546
3136,0.02305106789447625
3137,0.020385101637714093
3138,0.045357184157501756
3139,0.04235811065967973
3140,0.044369892348054885
3141,0.27879068684244573
3142,0.23468062543681611
3143,0.1891940561848519
3144,0.4778640355733854
3145,0.35456484629926444
3146,0.2602561229799866
3147,0.29014116038797594
3148,0.24621661254167276
3149,0.18580364201468674
3150,0.18221339903403383
3151,0.14444827855565967
3152,0.10997967091354185
3153,0.11166914290291322
3154,0.0700826889242416
3155,0.08560766543281723
3156,0.11722568280105503
3157,0.10046541522512709
3158,0.0845568336943904
3159,0.07439621576505259
3160,0.10198287538848405
3161,0.10193426390233892
3162,0.09731035482844977
3163,0.10885600260301681
3164,0.10027625846819341
3165,0.06596170278659283
3166,0.08670332406601167
3167,0.08768566903439565
3168,0.6275369698777196
3169,0.5549731946325629
3170,0.500332422748277
3171,0.8220428538840612
3172,0.7305159371653119
3173,0.6549750448316625
3174,0.49816348136622496
3175,0.45685282060772836
3176,0.4021886926451711
3177,0.23666289602931428
3178,0.21974759175164063
3179,0.18618228705839346
3180,0.20935265277394663
3181,0.25332412080809524
3182,0.1470224023469464
3183,0.15325081213458866
3184,0.15802692790230738
3185,0.1314655011068039
3186,0.10836830763539113
3187,0.11544121890466724
3188,0.11484925654873573
3189,0.07733259862859387
3190,0.05688348953902403
3191,0.06020771546038903
3192,0.055787782686300136
3193,0.04840156304506793
3194,0.05865895910466132
3195,0.4897598804082329
3196,0.3802760005743358
3197,0.32350781977085624
3198,0.46085908268843645
3199,0.3353928760711389
3200,0.2756564406287651
3201,0.30250746337573486
3202,0.22161265071509398
